-- ─── GravHub Seed Data ──────────────────────────────────────────────────────
-- Run this AFTER schema.sql in your Supabase SQL editor.
-- Safe to re-run: uses INSERT ... ON CONFLICT DO NOTHING

-- ── Team Members ──────────────────────────────────────────────────────────────
insert into team_members (id, name, email, role, unit, initials) values
  ('t0', 'Jonathan Graviss', 'jonathan@gravissmarketing.com', 'Super Admin',       'Leadership/Admin',    'JG'),
  ('t6', 'Amanda Foster',    'amanda@gravissmarketing.com',   'Leadership',         'Leadership/Admin',    'AF'),
  ('t1', 'Sarah Chen',       'sarah@gravissmarketing.com',    'Department Manager', 'Sales',               'SC'),
  ('t2', 'Marcus Webb',      'marcus@gravissmarketing.com',   'Team Member',        'Sales',               'MW'),
  ('t3', 'Jordan Ellis',     'jordan@gravissmarketing.com',   'Team Member',        'Delivery/Operations', 'JE'),
  ('t4', 'Priya Patel',      'priya@gravissmarketing.com',    'Department Manager', 'Delivery/Operations', 'PP'),
  ('t5', 'Tyler Ross',       'tyler@gravissmarketing.com',    'Team Member',        'Billing/Finance',     'TR')
on conflict (id) do nothing;

-- ── CRM Companies ─────────────────────────────────────────────────────────────
insert into crm_companies (id, name, industry, hq, size, status, owner, tags, contact_ids, deal_ids, total_deal_value, created_at, last_activity) values
  ('comp_th',       'Trailhead Media, LLC',                    'Media & Communications',    '',                   '1-10',   'Active Client', 'Jonathan Graviss', '{"Signed Client","Website"}',      '{"contact_th"}',       '{"deal_th"}',       7800,  '2025-07-01', '2026-03-01'),
  ('comp_api',      'Associated Posters Inc.',                 'Outdoor Advertising',       'Birmingham, AL',     '11-50',  'Active Client', 'Jonathan Graviss', '{"Signed Client"}',                '{"contact_api"}',      '{"deal_api"}',      11300, '2025-07-15', '2025-08-01'),
  ('comp_nomadic',  'Nomadic Outdoor Media',                   'Outdoor Advertising',       'Nashville, TN',      '1-10',   'Active Client', 'Jonathan Graviss', '{"Signed Client"}',                '{"contact_nomadic"}',  '{"deal_nomadic"}',  1800,  '2025-07-20', '2025-08-01'),
  ('comp_cap',      'Capital Outdoor Advertising',             'Outdoor Advertising',       'Richmond, VA',       '11-50',  'Active Client', 'Jonathan Graviss', '{"Signed Client"}',                '{"contact_cap"}',      '{"deal_cap"}',      5100,  '2025-08-01', '2025-08-22'),
  ('comp_opsiq',    'OpsIQ',                                   'Software / Technology',     'Atlanta, GA',        '11-50',  'Active Client', 'Jonathan Graviss', '{"Signed Client"}',                '{"contact_opsiq"}',    '{"deal_opsiq"}',    13500, '2025-08-01', '2025-08-22'),
  ('comp_stpete',   'St. Pete Chamber',                        'Chamber of Commerce',       'St. Petersburg, FL', '11-50',  'Active Client', 'Jonathan Graviss', '{"Signed Client"}',                '{"contact_stpete"}',   '{"deal_stpete"}',   10000, '2025-09-01', '2025-09-23'),
  ('comp_turbo',    'TurboBrakes LKN',                         'Automotive Services',       'Cornelius, NC',      '1-10',   'Active Client', 'Jonathan Graviss', '{"Signed Client","Website"}',      '{"contact_turbo"}',    '{"deal_turbo"}',    6500,  '2025-09-01', '2025-09-30'),
  ('comp_lod',      'Lead Outdoor Development',                'Outdoor Advertising',       'Memphis, TN',        '11-50',  'Active Client', 'Jonathan Graviss', '{"Signed Client"}',                '{"contact_lod"}',      '{"deal_lod"}',      6000,  '2025-09-01', '2025-09-30'),
  ('comp_renfroe',  'Renfroe Media',                           'Outdoor Advertising',       'Greenville, SC',     '11-50',  'Active Client', 'Jonathan Graviss', '{"Signed Client"}',                '{"contact_renfroe"}',  '{"deal_renfroe"}',  15800, '2025-09-15', '2025-10-16'),
  ('comp_adco',     'ADCO',                                    'Outdoor Advertising',       'Charlotte, NC',      '1-10',   'Active Client', 'Jonathan Graviss', '{"Signed Client"}',                '{"contact_adco"}',     '{"deal_adco"}',     1200,  '2025-09-20', '2025-10-20'),
  ('comp_formetco', 'Formetco',                                'Outdoor Advertising',       'Gainesville, GA',    '51-200', 'Active Client', 'Jonathan Graviss', '{"Signed Client","Website"}',      '{"contact_formetco"}', '{"deal_formetco"}', 44400, '2025-11-01', '2025-12-16'),
  ('comp_bass',     'BASS LTD',                                'Outdoor Advertising',       'Louisville, KY',     '11-50',  'Active Client', 'Jonathan Graviss', '{"Signed Client"}',                '{"contact_bass"}',     '{"deal_bass"}',     2800,  '2026-01-10', '2026-02-04'),
  ('comp_sdd',      'Skydragon Designs',                       'Design & Creative',         'Tampa, FL',          '1-10',   'Active Client', 'Jonathan Graviss', '{"Signed Client"}',                '{"contact_sdd"}',      '{"deal_sdd"}',      9450,  '2025-12-01', '2026-01-07'),
  ('comp_oaag',     'OAAG',                                    'Industry Association',      'Orlando, FL',        '1-10',   'Active Client', 'Jonathan Graviss', '{"Signed Client","Website"}',      '{"contact_oaag"}',     '{"deal_oaag"}',     2000,  '2026-02-01', '2026-03-09'),
  ('comp_pp',       'Pontoon Pros',                            'Marine / Recreation',       'Clearwater, FL',     '1-10',   'Active Client', 'Jonathan Graviss', '{"Signed Client","SEO"}',          '{"contact_pp"}',       '{"deal_pp"}',       750,   '2026-02-01', '2026-03-09'),
  ('comp_fg',       'Franklin Graphics',                       'Design & Print',            'Tampa, FL',          '1-10',   'Prospect',      'Jonathan Graviss', '{"Proposal","Website"}',           '{"contact_fg"}',       '{"deal_fg"}',       16800, '2026-01-15', '2026-03-01'),
  ('comp_oohs',     'The OOH Squad',                           'Outdoor Advertising',       'Austin, TX',         '1-10',   'Prospect',      'Jonathan Graviss', '{"Proposal"}',                     '{"contact_oohs"}',     '{"deal_oohs"}',     8100,  '2025-12-10', '2026-02-01'),
  ('comp_apar',     'Apparatix',                               'Software / Technology',     'Chicago, IL',        '11-50',  'Prospect',      'Jonathan Graviss', '{"Proposal","Website"}',           '{"contact_apar"}',     '{"deal_apar"}',     29400, '2025-11-15', '2026-01-03'),
  ('comp_rdm',      'Red Diamond Media Group',                 'Media & Communications',    'Dallas, TX',         '11-50',  'Prospect',      'Jonathan Graviss', '{"Proposal","SEO"}',               '{"contact_rdm"}',      '{"deal_rdm"}',      9300,  '2026-02-10', '2026-04-01'),
  ('comp_dkoi',     'DKOI',                                    'Outdoor Advertising',       'Denver, CO',         '11-50',  'Prospect',      'Jonathan Graviss', '{"Proposal"}',                     '{"contact_dkoi"}',     '{"deal_dkoi"}',     21000, '2026-02-15', '2026-04-01'),
  ('comp_rsm',      'Reeves Shaw Media',                       'Media & Communications',    'Atlanta, GA',        '11-50',  'Prospect',      'Jonathan Graviss', '{"Proposal"}',                     '{"contact_rsm"}',      '{"deal_rsm"}',      14400, '2026-02-20', '2026-04-01'),
  ('comp_scb',      'Steel City Billboards',                   'Outdoor Advertising',       'Pittsburgh, PA',     '11-50',  'Prospect',      'Jonathan Graviss', '{"Negotiation"}',                  '{"contact_scb"}',      '{"deal_scb"}',      27000, '2025-12-01', '2026-02-01'),
  ('comp_mr',       'Media Resources',                         'Media & Communications',    'Columbus, OH',       '51-200', 'Prospect',      'Jonathan Graviss', '{"Negotiation"}',                  '{"contact_mr"}',       '{"deal_mr"}',       30000, '2025-11-01', '2026-01-01'),
  ('comp_jr',       'JR Promotions',                           'Marketing & Promotions',    'Jacksonville, FL',   '11-50',  'Prospect',      'Jonathan Graviss', '{"Negotiation"}',                  '{"contact_jr"}',       '{"deal_jr"}',       15700, '2026-01-15', '2026-04-01'),
  ('comp_scpc',     'South Carolina Pickleball Courts',        'Sports & Recreation',       'Columbia, SC',       '1-10',   'Prospect',      'Jonathan Graviss', '{"Negotiation","Website"}',        '{"contact_scpc"}',     '{"deal_scpc"}',     8800,  '2025-11-20', '2026-01-01'),
  ('comp_uplp',     'Upstate Pool Liner Pros',                 'Home Services',             'Greenville, SC',     '1-10',   'Prospect',      'Jonathan Graviss', '{"Negotiation","Website"}',        '{"contact_uplp"}',     '{"deal_uplp"}',     8800,  '2025-11-20', '2026-01-01'),
  ('comp_bmv',      'BMV Service Pro',                         'Automotive Services',       'Orlando, FL',        '11-50',  'Prospect',      'Jonathan Graviss', '{"Lead"}',                         '{"contact_bmv"}',      '{"deal_bmv"}',      18900, '2026-02-15', '2026-03-06'),
  ('comp_mashburn', 'Mashburn Outdoor',                        'Outdoor Advertising',       'Montgomery, AL',     '11-50',  'Prospect',      'Jonathan Graviss', '{"Lead"}',                         '{"contact_mashburn"}', '{"deal_mashburn"}', 15500, '2025-12-01', '2026-01-01'),
  ('comp_tyler',    'Tyler Media',                             'Outdoor Advertising',       'Tyler, TX',          '11-50',  'Prospect',      'Jonathan Graviss', '{"Lead"}',                         '{"contact_tyler"}',    '{"deal_tyler"}',    15500, '2025-12-01', '2026-01-01'),
  ('comp_hughes',   'Hughes Outdoor Media',                    'Outdoor Advertising',       'Knoxville, TN',      '11-50',  'Prospect',      'Jonathan Graviss', '{"Lead"}',                         '{"contact_hughes"}',   '{"deal_hughes"}',   15500, '2025-12-01', '2026-01-01'),
  ('comp_oaktree',  'Oaktree Outdoor Advertising',             'Outdoor Advertising',       'Raleigh, NC',        '11-50',  'Prospect',      'Jonathan Graviss', '{"Lead"}',                         '{"contact_oaktree"}',  '{"deal_oaktree"}',  15500, '2025-12-01', '2026-01-01'),
  ('comp_smg',      'Street Media Group',                      'Outdoor Advertising',       'Miami, FL',          '11-50',  'Prospect',      'Jonathan Graviss', '{"Lead"}',                         '{"contact_smg"}',      '{"deal_smg"}',      0,     '2025-12-01', '2026-01-01'),
  ('comp_ddi',      'DDI Media',                               'Outdoor Advertising',       'Indianapolis, IN',   '11-50',  'Prospect',      'Jonathan Graviss', '{"Lead"}',                         '{"contact_ddi"}',      '{"deal_ddi"}',      15500, '2025-12-01', '2026-01-01'),
  ('comp_azalea',   'Azalea Outdoor',                          'Outdoor Advertising',       'Columbia, SC',       '1-10',   'Prospect',      'Jonathan Graviss', '{"Lead"}',                         '{"contact_azalea"}',   '{"deal_azalea"}',   0,     '2025-12-01', '2026-01-01'),
  ('comp_camel',    'Camel City Posters',                      'Outdoor Advertising',       'Winston-Salem, NC',  '11-50',  'Prospect',      'Jonathan Graviss', '{"Lead"}',                         '{"contact_camel"}',    '{"deal_camel"}',    15500, '2025-12-01', '2026-01-01'),
  ('comp_harkey',   'Harkey Media',                            'Outdoor Advertising',       'Fayetteville, NC',   '11-50',  'Prospect',      'Jonathan Graviss', '{"Lead"}',                         '{"contact_harkey"}',   '{"deal_harkey"}',   15500, '2025-12-01', '2026-01-01'),
  ('comp_derose',   'DeRose Displays',                         'Outdoor Advertising',       'Buffalo, NY',        '11-50',  'Prospect',      'Jonathan Graviss', '{"Lead"}',                         '{"contact_derose"}',   '{"deal_derose"}',   15500, '2025-12-01', '2026-01-01'),
  ('comp_doa',      'Digital Outdoor Advertising',             'Outdoor Advertising',       'Phoenix, AZ',        '11-50',  'Prospect',      'Jonathan Graviss', '{"Lead"}',                         '{"contact_doa"}',      '{"deal_doa"}',      15500, '2025-12-01', '2026-01-01'),
  ('comp_cw',       'Colorado West',                           'Outdoor Advertising',       'Grand Junction, CO', '11-50',  'Prospect',      'Jonathan Graviss', '{"Lead"}',                         '{"contact_cw"}',       '{"deal_cw"}',       15500, '2025-12-15', '2026-01-01'),
  ('comp_burelz',   'Burelz Billboards',                       'Outdoor Advertising',       'Shreveport, LA',     '1-10',   'Prospect',      'Jonathan Graviss', '{"Lead"}',                         '{"contact_burelz"}',   '{"deal_burelz"}',   15500, '2025-12-15', '2026-01-01'),
  ('comp_porlier',  'Porlier Outdoor',                         'Outdoor Advertising',       'Baton Rouge, LA',    '11-50',  'Prospect',      'Jonathan Graviss', '{"Lead"}',                         '{"contact_porlier"}',  '{"deal_porlier"}',  15500, '2025-12-15', '2026-01-01'),
  ('comp_comstor',  'Comstor Outdoor',                         'Outdoor Advertising',       'Memphis, TN',        '11-50',  'Prospect',      'Jonathan Graviss', '{"Lead"}',                         '{"contact_comstor"}',  '{"deal_comstor"}',  15500, '2025-12-15', '2026-01-01'),
  ('comp_classic',  'Classic Outdoor',                         'Outdoor Advertising',       'Little Rock, AR',    '11-50',  'Prospect',      'Jonathan Graviss', '{"Lead"}',                         '{"contact_classic"}',  '{"deal_classic"}',  15500, '2025-12-15', '2026-01-01'),
  ('comp_carlson',  'Carlson Sign',                            'Outdoor Advertising',       'Sioux Falls, SD',    '11-50',  'Prospect',      'Jonathan Graviss', '{"Lead"}',                         '{"contact_carlson"}',  '{"deal_carlson"}',  15500, '2025-12-15', '2026-01-01'),
  ('comp_coast',    'Coast Outdoor',                           'Outdoor Advertising',       'Pensacola, FL',      '11-50',  'Prospect',      'Jonathan Graviss', '{"Lead"}',                         '{"contact_coast"}',    '{"deal_coast"}',    15500, '2025-12-15', '2026-01-01'),
  ('comp_compass',  'Compass Outdoor Media',                   'Outdoor Advertising',       'Kansas City, MO',    '11-50',  'Prospect',      'Jonathan Graviss', '{"Lead"}',                         '{"contact_compass"}',  '{"deal_compass"}',  15500, '2025-12-15', '2026-01-01'),
  ('comp_cco',      'Circle City Outdoor',                     'Outdoor Advertising',       'Indianapolis, IN',   '11-50',  'Prospect',      'Jonathan Graviss', '{"Lead"}',                         '{"contact_cco"}',      '{"deal_cco"}',      15500, '2025-12-15', '2026-01-01'),
  ('comp_cooa',     'Coastal Outdoor Advertising',             'Outdoor Advertising',       'Savannah, GA',       '11-50',  'Prospect',      'Jonathan Graviss', '{"Lead"}',                         '{"contact_cooa"}',     '{"deal_cooa"}',     13500, '2025-12-15', '2026-01-01'),
  ('comp_dailey',   'Dailey Billboards',                       'Outdoor Advertising',       'Tulsa, OK',          '11-50',  'Prospect',      'Jonathan Graviss', '{"Closed Lost"}',                  '{"contact_dailey"}',   '{"deal_dailey"}',   0,     '2025-08-01', '2025-09-30'),
  ('comp_mhom',     'MH Outdoor Media',                        'Outdoor Advertising',       'Lexington, KY',      '1-10',   'Prospect',      'Jonathan Graviss', '{"Closed Lost"}',                  '{"contact_mhom"}',     '{"deal_mhom"}',     0,     '2025-08-01', '2025-09-30'),
  ('comp_dsw',      'DSW Signs',                               'Sign & Display',            'Oklahoma City, OK',  '11-50',  'Prospect',      'Jonathan Graviss', '{"Closed Lost"}',                  '{"contact_dsw"}',      '{"deal_dsw"}',      15500, '2025-08-01', '2025-09-24'),
  ('comp_foaa',     'Florida Outdoor Advertising Association', 'Industry Association',      'Orlando, FL',        '1-10',   'Prospect',      'Jonathan Graviss', '{"Closed Lost"}',                  '{"contact_foaa"}',     '{"deal_foaa"}',     4500,  '2025-08-15', '2025-10-09'),
  ('comp_signdash', 'SignDash',                                'Software / Technology',     'Tampa, FL',          '11-50',  'Prospect',      'Jonathan Graviss', '{"Closed Lost"}',                  '{"contact_signdash"}', '{"deal_signdash"}', 13500, '2025-08-15', '2025-10-13'),
  ('comp_edge',     'Edge Consulting',                         'Business Consulting',       'Jacksonville, FL',   '1-10',   'Prospect',      'Jonathan Graviss', '{"Closed Lost"}',                  '{"contact_edge"}',     '{"deal_edge"}',     15500, '2025-08-20', '2025-10-13'),
  ('comp_tdo',      'TDO Advertising',                         'Outdoor Advertising',       'Chattanooga, TN',    '11-50',  'Prospect',      'Jonathan Graviss', '{"Closed Lost"}',                  '{"contact_tdo"}',      '{"deal_tdo"}',      15500, '2025-09-01', '2025-10-10'),
  ('comp_logan',    'Logan Outdoor Advertising',               'Outdoor Advertising',       'Louisville, KY',     '11-50',  'Prospect',      'Jonathan Graviss', '{"Closed Lost"}',                  '{"contact_logan"}',    '{"deal_logan"}',    0,     '2025-09-01', '2025-10-15'),
  ('comp_triou',    'Triou Marketing',                         'Marketing & Advertising',   'Tampa, FL',          '1-10',   'Prospect',      'Jonathan Graviss', '{"Closed Lost"}',                  '{"contact_triou"}',    '{"deal_triou"}',    12500, '2025-11-01', '2026-02-01'),
  ('comp_avant',    'Avant Outdoor Advertising',               'Outdoor Advertising',       'Jackson, MS',        '11-50',  'Prospect',      'Jonathan Graviss', '{"Closed Lost"}',                  '{"contact_avant"}',    '{"deal_avant"}',    15500, '2025-11-01', '2026-02-01'),
  ('comp_choice',   'Choice Media',                            'Outdoor Advertising',       'Mobile, AL',         '11-50',  'Prospect',      'Jonathan Graviss', '{"Closed Lost"}',                  '{"contact_choice"}',   '{"deal_choice"}',   15500, '2025-11-01', '2026-02-01'),
  ('comp_hunt',     'Huntington Billboards',                   'Outdoor Advertising',       'Huntington, WV',     '11-50',  'Prospect',      'Jonathan Graviss', '{"Closed Lost"}',                  '{"contact_hunt"}',     '{"deal_hunt"}',     11000, '2025-11-01', '2026-02-01'),
  ('comp_foa',      'Fairmount Outdoor Advertising',           'Outdoor Advertising',       'Philadelphia, PA',   '11-50',  'Prospect',      'Jonathan Graviss', '{"Closed Lost"}',                  '{"contact_foa"}',      '{"deal_foa"}',      17400, '2025-12-01', '2026-02-23'),
  ('comp_vo',       'View Outdoor',                            'Outdoor Advertising',       'Minneapolis, MN',    '51-200', 'Prospect',      'Jonathan Graviss', '{"Closed Lost"}',                  '{"contact_vo"}',       '{"deal_vo"}',       2450,  '2026-01-01', '2026-02-23'),
  ('comp_bj',       'Billboard Joe',                           'Outdoor Advertising',       'Nashville, TN',      '1-10',   'Prospect',      'Jonathan Graviss', '{"Closed Lost"}',                  '{"contact_bj"}',       '{"deal_bj"}',       16800, '2026-01-01', '2026-02-23')
on conflict (id) do nothing;

-- ── CRM Contacts ─────────────────────────────────────────────────────────────
insert into crm_contacts (id, company_id, company_name, first_name, last_name, full_name, title, emails, phones, is_primary, lifecycle_stage, owner, tags, contact_notes, contact_tasks, created_at, last_activity) values
  ('contact_th',       'comp_th',       'Trailhead Media, LLC',                    'Trailhead', 'Media',       'Trailhead Media',         'Client',                 '{}', '{}', true,  'client',      'Jonathan Graviss', '{"Signed Client","Website"}',    '[]', '[]', '2025-07-01', '2026-03-01'),
  ('contact_api',      'comp_api',      'Associated Posters Inc.',                 'Tom',       'Briggs',      'Tom Briggs',              'President',              '{}', '{}', true,  'client',      'Jonathan Graviss', '{"Signed Client"}',              '[]', '[]', '2025-07-15', '2025-08-01'),
  ('contact_nomadic',  'comp_nomadic',  'Nomadic Outdoor Media',                   'Wes',       'Carmichael',  'Wes Carmichael',          'Founder',                '{}', '{}', true,  'client',      'Jonathan Graviss', '{"Signed Client"}',              '[]', '[]', '2025-07-20', '2025-08-01'),
  ('contact_cap',      'comp_cap',      'Capital Outdoor Advertising',             'Greg',      'Levi',        'Greg Levi',               'Owner',                  '{}', '{}', true,  'client',      'Jonathan Graviss', '{"Signed Client"}',              '[]', '[]', '2025-08-01', '2025-08-22'),
  ('contact_opsiq',    'comp_opsiq',    'OpsIQ',                                   'Dana',      'Brooks',      'Dana Brooks',             'CEO',                    '{}', '{}', true,  'client',      'Jonathan Graviss', '{"Signed Client"}',              '[]', '[]', '2025-08-01', '2025-08-22'),
  ('contact_stpete',   'comp_stpete',   'St. Pete Chamber',                        'Sarah',     'Hill',        'Sarah Hill',              'President/CEO',          '{}', '{}', true,  'client',      'Jonathan Graviss', '{"Signed Client"}',              '[]', '[]', '2025-09-01', '2025-09-23'),
  ('contact_turbo',    'comp_turbo',    'TurboBrakes LKN',                         'Paul',      'Gentry',      'Paul Gentry',             'Owner',                  '{}', '{}', true,  'client',      'Jonathan Graviss', '{"Signed Client","Website"}',    '[]', '[]', '2025-09-01', '2025-09-30'),
  ('contact_lod',      'comp_lod',      'Lead Outdoor Development',                'Tim',       'Larson',      'Tim Larson',              'CEO',                    '{}', '{}', true,  'client',      'Jonathan Graviss', '{"Signed Client"}',              '[]', '[]', '2025-09-01', '2025-09-30'),
  ('contact_renfroe',  'comp_renfroe',  'Renfroe Media',                           'Mike',      'Renfroe',     'Mike Renfroe',            'President',              '{}', '{}', true,  'client',      'Jonathan Graviss', '{"Signed Client"}',              '[]', '[]', '2025-09-15', '2025-10-16'),
  ('contact_adco',     'comp_adco',     'ADCO',                                    'Pat',       'Morgan',      'Pat Morgan',              'Owner',                  '{}', '{}', true,  'client',      'Jonathan Graviss', '{"Signed Client"}',              '[]', '[]', '2025-09-20', '2025-10-20'),
  ('contact_formetco', 'comp_formetco', 'Formetco',                                'Gary',      'Patterson',   'Gary Patterson',          'VP Marketing',           '{}', '{}', true,  'client',      'Jonathan Graviss', '{"Signed Client","Website"}',    '[]', '[]', '2025-11-01', '2025-12-16'),
  ('contact_bass',     'comp_bass',     'BASS LTD',                                'Robert',    'Bass',        'Robert Bass',             'Managing Director',      '{}', '{}', true,  'client',      'Jonathan Graviss', '{"Signed Client"}',              '[]', '[]', '2026-01-10', '2026-02-04'),
  ('contact_sdd',      'comp_sdd',      'Skydragon Designs',                       'Chen',      'Wei',         'Chen Wei',                'Creative Director',      '{}', '{}', true,  'client',      'Jonathan Graviss', '{"Signed Client"}',              '[]', '[]', '2025-12-01', '2026-01-07'),
  ('contact_oaag',     'comp_oaag',     'OAAG',                                    'Karen',     'Hollis',      'Karen Hollis',            'Executive Director',     '{}', '{}', true,  'client',      'Jonathan Graviss', '{"Signed Client","Website"}',    '[]', '[]', '2026-02-01', '2026-03-09'),
  ('contact_pp',       'comp_pp',       'Pontoon Pros',                            'Derek',     'Marsh',       'Derek Marsh',             'Owner',                  '{}', '{}', true,  'client',      'Jonathan Graviss', '{"Signed Client","SEO"}',        '[]', '[]', '2026-02-01', '2026-03-09'),
  ('contact_fg',       'comp_fg',       'Franklin Graphics',                       'Nick',      'Franklin',    'Nick Franklin',           'Owner',                  '{}', '{}', true,  'opportunity', 'Jonathan Graviss', '{"Proposal","Website"}',         '[]', '[]', '2026-01-15', '2026-03-01'),
  ('contact_oohs',     'comp_oohs',     'The OOH Squad',                           'Melissa',   'Thorne',      'Melissa Thorne',          'Co-Founder',             '{}', '{}', true,  'opportunity', 'Jonathan Graviss', '{"Proposal"}',                   '[]', '[]', '2025-12-10', '2026-02-01'),
  ('contact_apar',     'comp_apar',     'Apparatix',                               'James',     'Conroy',      'James Conroy',            'CEO',                    '{}', '{}', true,  'opportunity', 'Jonathan Graviss', '{"Proposal","Website"}',         '[]', '[]', '2025-11-15', '2026-01-03'),
  ('contact_rdm',      'comp_rdm',      'Red Diamond Media Group',                 'Lisa',      'Park',        'Lisa Park',               'VP Sales',               '{}', '{}', true,  'opportunity', 'Jonathan Graviss', '{"Proposal","SEO"}',             '[]', '[]', '2026-02-10', '2026-04-01'),
  ('contact_dkoi',     'comp_dkoi',     'DKOI',                                    'Sandra',    'Kim',         'Sandra Kim',              'Director of Operations', '{}', '{}', true,  'opportunity', 'Jonathan Graviss', '{"Proposal"}',                   '[]', '[]', '2026-02-15', '2026-04-01'),
  ('contact_rsm',      'comp_rsm',      'Reeves Shaw Media',                       'Brian',     'Reeves',      'Brian Reeves',            'President',              '{}', '{}', true,  'opportunity', 'Jonathan Graviss', '{"Proposal"}',                   '[]', '[]', '2026-02-20', '2026-04-01'),
  ('contact_scb',      'comp_scb',      'Steel City Billboards',                   'Tom',       'Ferraro',     'Tom Ferraro',             'General Manager',        '{}', '{}', true,  'opportunity', 'Jonathan Graviss', '{"Negotiation"}',                '[]', '[]', '2025-12-01', '2026-02-01'),
  ('contact_mr',       'comp_mr',       'Media Resources',                         'Alan',      'Mead',        'Alan Mead',               'CEO',                    '{}', '{}', true,  'opportunity', 'Jonathan Graviss', '{"Negotiation"}',                '[]', '[]', '2025-11-01', '2026-01-01'),
  ('contact_jr',       'comp_jr',       'JR Promotions',                           'Jake',      'Rodriguez',   'Jake Rodriguez',          'President',              '{}', '{}', true,  'opportunity', 'Jonathan Graviss', '{"Negotiation"}',                '[]', '[]', '2026-01-15', '2026-04-01'),
  ('contact_scpc',     'comp_scpc',     'South Carolina Pickleball Courts',        'Matt',      'Collins',     'Matt Collins',            'Owner',                  '{}', '{}', true,  'opportunity', 'Jonathan Graviss', '{"Negotiation","Website"}',      '[]', '[]', '2025-11-20', '2026-01-01'),
  ('contact_uplp',     'comp_uplp',     'Upstate Pool Liner Pros',                 'Kyle',      'Burns',       'Kyle Burns',              'President',              '{}', '{}', true,  'opportunity', 'Jonathan Graviss', '{"Negotiation","Website"}',      '[]', '[]', '2025-11-20', '2026-01-01'),
  ('contact_bmv',      'comp_bmv',      'BMV Service Pro',                         'Victor',    'Mendes',      'Victor Mendes',           'Owner',                  '{}', '{}', true,  'lead',        'Jonathan Graviss', '{"Lead"}',                       '[]', '[]', '2026-02-15', '2026-03-06'),
  ('contact_mashburn', 'comp_mashburn', 'Mashburn Outdoor',                        'Bill',      'Mashburn',    'Bill Mashburn',           'CEO',                    '{}', '{}', true,  'lead',        'Jonathan Graviss', '{"Lead"}',                       '[]', '[]', '2025-12-01', '2026-01-01'),
  ('contact_tyler',    'comp_tyler',    'Tyler Media',                             'Steve',     'Tyler',       'Steve Tyler',             'CEO',                    '{}', '{}', true,  'lead',        'Jonathan Graviss', '{"Lead"}',                       '[]', '[]', '2025-12-01', '2026-01-01'),
  ('contact_hughes',   'comp_hughes',   'Hughes Outdoor Media',                    'Pete',      'Hughes',      'Pete Hughes',             'President',              '{}', '{}', true,  'lead',        'Jonathan Graviss', '{"Lead"}',                       '[]', '[]', '2025-12-01', '2026-01-01'),
  ('contact_oaktree',  'comp_oaktree',  'Oaktree Outdoor Advertising',             'Craig',     'Morton',      'Craig Morton',            'VP Sales',               '{}', '{}', true,  'lead',        'Jonathan Graviss', '{"Lead"}',                       '[]', '[]', '2025-12-01', '2026-01-01'),
  ('contact_smg',      'comp_smg',      'Street Media Group',                      'Diane',     'Strickland',  'Diane Strickland',        'President',              '{}', '{}', true,  'lead',        'Jonathan Graviss', '{"Lead"}',                       '[]', '[]', '2025-12-01', '2026-01-01'),
  ('contact_ddi',      'comp_ddi',      'DDI Media',                               'Carlos',    'Diaz',        'Carlos Diaz',             'General Manager',        '{}', '{}', true,  'lead',        'Jonathan Graviss', '{"Lead"}',                       '[]', '[]', '2025-12-01', '2026-01-01'),
  ('contact_azalea',   'comp_azalea',   'Azalea Outdoor',                          'Sandy',     'Bloom',       'Sandy Bloom',             'Owner',                  '{}', '{}', true,  'lead',        'Jonathan Graviss', '{"Lead"}',                       '[]', '[]', '2025-12-01', '2026-01-01'),
  ('contact_camel',    'comp_camel',    'Camel City Posters',                      'Greg',      'Camel',       'Greg Camel',              'President',              '{}', '{}', true,  'lead',        'Jonathan Graviss', '{"Lead"}',                       '[]', '[]', '2025-12-01', '2026-01-01'),
  ('contact_harkey',   'comp_harkey',   'Harkey Media',                            'Ron',       'Harkey',      'Ron Harkey',              'CEO',                    '{}', '{}', true,  'lead',        'Jonathan Graviss', '{"Lead"}',                       '[]', '[]', '2025-12-01', '2026-01-01'),
  ('contact_derose',   'comp_derose',   'DeRose Displays',                         'Tony',      'DeRose',      'Tony DeRose',             'Owner',                  '{}', '{}', true,  'lead',        'Jonathan Graviss', '{"Lead"}',                       '[]', '[]', '2025-12-01', '2026-01-01'),
  ('contact_doa',      'comp_doa',      'Digital Outdoor Advertising',             'Phil',      'Norton',      'Phil Norton',             'VP Operations',          '{}', '{}', true,  'lead',        'Jonathan Graviss', '{"Lead"}',                       '[]', '[]', '2025-12-01', '2026-01-01'),
  ('contact_cw',       'comp_cw',       'Colorado West',                           'Dave',      'Westbrook',   'Dave Westbrook',          'GM',                     '{}', '{}', true,  'lead',        'Jonathan Graviss', '{"Lead"}',                       '[]', '[]', '2025-12-15', '2026-01-01'),
  ('contact_burelz',   'comp_burelz',   'Burelz Billboards',                       'Sam',       'Burelz',      'Sam Burelz',              'Owner',                  '{}', '{}', true,  'lead',        'Jonathan Graviss', '{"Lead"}',                       '[]', '[]', '2025-12-15', '2026-01-01'),
  ('contact_porlier',  'comp_porlier',  'Porlier Outdoor',                         'Jean',      'Porlier',     'Jean Porlier',            'President',              '{}', '{}', true,  'lead',        'Jonathan Graviss', '{"Lead"}',                       '[]', '[]', '2025-12-15', '2026-01-01'),
  ('contact_comstor',  'comp_comstor',  'Comstor Outdoor',                         'Nate',      'Combs',       'Nate Combs',              'VP Marketing',           '{}', '{}', true,  'lead',        'Jonathan Graviss', '{"Lead"}',                       '[]', '[]', '2025-12-15', '2026-01-01'),
  ('contact_classic',  'comp_classic',  'Classic Outdoor',                         'Earl',      'Simmons',     'Earl Simmons',            'Owner',                  '{}', '{}', true,  'lead',        'Jonathan Graviss', '{"Lead"}',                       '[]', '[]', '2025-12-15', '2026-01-01'),
  ('contact_carlson',  'comp_carlson',  'Carlson Sign',                            'Brad',      'Carlson',     'Brad Carlson',            'President',              '{}', '{}', true,  'lead',        'Jonathan Graviss', '{"Lead"}',                       '[]', '[]', '2025-12-15', '2026-01-01'),
  ('contact_coast',    'comp_coast',    'Coast Outdoor',                           'Todd',      'Hooper',      'Todd Hooper',             'GM',                     '{}', '{}', true,  'lead',        'Jonathan Graviss', '{"Lead"}',                       '[]', '[]', '2025-12-15', '2026-01-01'),
  ('contact_compass',  'comp_compass',  'Compass Outdoor Media',                   'Linda',     'Shore',       'Linda Shore',             'VP Operations',          '{}', '{}', true,  'lead',        'Jonathan Graviss', '{"Lead"}',                       '[]', '[]', '2025-12-15', '2026-01-01'),
  ('contact_cco',      'comp_cco',      'Circle City Outdoor',                     'Bob',       'Ring',        'Bob Ring',                'President',              '{}', '{}', true,  'lead',        'Jonathan Graviss', '{"Lead"}',                       '[]', '[]', '2025-12-15', '2026-01-01'),
  ('contact_cooa',     'comp_cooa',     'Coastal Outdoor Advertising',             'Frank',     'Shore',       'Frank Shore',             'Owner',                  '{}', '{}', true,  'lead',        'Jonathan Graviss', '{"Lead"}',                       '[]', '[]', '2025-12-15', '2026-01-01'),
  ('contact_dailey',   'comp_dailey',   'Dailey Billboards',                       'Frank',     'Dailey',      'Frank Dailey',            'Owner',                  '{}', '{}', true,  'other',       'Jonathan Graviss', '{"Closed Lost"}',                '[]', '[]', '2025-08-01', '2025-09-30'),
  ('contact_mhom',     'comp_mhom',     'MH Outdoor Media',                        'Mark',      'Harris',      'Mark Harris',             'Owner',                  '{}', '{}', true,  'other',       'Jonathan Graviss', '{"Closed Lost"}',                '[]', '[]', '2025-08-01', '2025-09-30'),
  ('contact_dsw',      'comp_dsw',      'DSW Signs',                               'Dan',       'Whitmore',    'Dan Whitmore',            'President',              '{}', '{}', true,  'other',       'Jonathan Graviss', '{"Closed Lost"}',                '[]', '[]', '2025-08-01', '2025-09-24'),
  ('contact_foaa',     'comp_foaa',     'Florida Outdoor Advertising Association', 'Maria',     'Santos',      'Maria Santos',            'Executive Director',     '{}', '{}', true,  'other',       'Jonathan Graviss', '{"Closed Lost"}',                '[]', '[]', '2025-08-15', '2025-10-09'),
  ('contact_signdash', 'comp_signdash', 'SignDash',                                'Ryan',      'Nash',        'Ryan Nash',               'CEO',                    '{}', '{}', true,  'other',       'Jonathan Graviss', '{"Closed Lost"}',                '[]', '[]', '2025-08-15', '2025-10-13'),
  ('contact_edge',     'comp_edge',     'Edge Consulting',                         'Chris',     'Walker',      'Chris Walker',            'Principal',              '{}', '{}', true,  'other',       'Jonathan Graviss', '{"Closed Lost"}',                '[]', '[]', '2025-08-20', '2025-10-13'),
  ('contact_tdo',      'comp_tdo',      'TDO Advertising',                         'Amy',       'Chen',        'Amy Chen',                'Director',               '{}', '{}', true,  'other',       'Jonathan Graviss', '{"Closed Lost"}',                '[]', '[]', '2025-09-01', '2025-10-10'),
  ('contact_logan',    'comp_logan',    'Logan Outdoor Advertising',               'Brenda',    'Logan',       'Brenda Logan',            'President',              '{}', '{}', true,  'other',       'Jonathan Graviss', '{"Closed Lost"}',                '[]', '[]', '2025-09-01', '2025-10-15'),
  ('contact_triou',    'comp_triou',    'Triou Marketing',                         'Dana',      'Triou',       'Dana Triou',              'President',              '{}', '{}', true,  'other',       'Jonathan Graviss', '{"Closed Lost"}',                '[]', '[]', '2025-11-01', '2026-02-01'),
  ('contact_avant',    'comp_avant',    'Avant Outdoor Advertising',               'Rick',      'Avant',       'Rick Avant',              'President',              '{}', '{}', true,  'other',       'Jonathan Graviss', '{"Closed Lost"}',                '[]', '[]', '2025-11-01', '2026-02-01'),
  ('contact_choice',   'comp_choice',   'Choice Media',                            'Ray',       'Holt',        'Ray Holt',                'VP Sales',               '{}', '{}', true,  'other',       'Jonathan Graviss', '{"Closed Lost"}',                '[]', '[]', '2025-11-01', '2026-02-01'),
  ('contact_hunt',     'comp_hunt',     'Huntington Billboards',                   'Dave',      'Hunt',        'Dave Hunt',               'President',              '{}', '{}', true,  'other',       'Jonathan Graviss', '{"Closed Lost"}',                '[]', '[]', '2025-11-01', '2026-02-01'),
  ('contact_foa',      'comp_foa',      'Fairmount Outdoor Advertising',           'Ed',        'Whitmore',    'Ed Whitmore',             'VP Sales',               '{}', '{}', true,  'other',       'Jonathan Graviss', '{"Closed Lost"}',                '[]', '[]', '2025-12-01', '2026-02-23'),
  ('contact_vo',       'comp_vo',       'View Outdoor',                            'Ashley',    'Turner',      'Ashley Turner',           'VP Business Development','{}', '{}', true,  'other',       'Jonathan Graviss', '{"Closed Lost"}',                '[]', '[]', '2026-01-01', '2026-02-23'),
  ('contact_bj',       'comp_bj',       'Billboard Joe',                           'Joe',       'Martinez',    'Joe Martinez',            'Owner',                  '{}', '{}', true,  'other',       'Jonathan Graviss', '{"Closed Lost"}',                '[]', '[]', '2026-01-01', '2026-02-23')
on conflict (id) do nothing;

-- ── Deals ────────────────────────────────────────────────────────────────────
insert into deals (id, company, stage, value, service_type, close_date, assigned_rep, probability, notes, last_activity) values
  ('deal_th',       'Trailhead Media, LLC',                    'Closed Won',    7800,  'Website', '2025-07-01', 'Jonathan Graviss', 100, '{"Custom website development and management — $650/month, 12-month agreement effective July 1, 2025"}', '2025-07-01'),
  ('deal_api',      'Associated Posters Inc.',                 'Closed Won',    11300, 'Custom',  '2025-08-01', 'Jonathan Graviss', 100, '{"API 25/26"}',                                          '2025-08-01'),
  ('deal_nomadic',  'Nomadic Outdoor Media',                   'Closed Won',    1800,  'Custom',  '2025-08-01', 'Jonathan Graviss', 100, '{"Nomadic Outdoor 25/26"}',                              '2025-08-01'),
  ('deal_cap',      'Capital Outdoor Advertising',             'Closed Won',    5100,  'Custom',  '2025-08-22', 'Jonathan Graviss', 100, '{"Capital Outdoor 25/26"}',                              '2025-08-22'),
  ('deal_opsiq',    'OpsIQ',                                   'Closed Won',    13500, 'Custom',  '2025-08-22', 'Jonathan Graviss', 100, '{"OpsIQ 25/26"}',                                        '2025-08-22'),
  ('deal_stpete',   'St. Pete Chamber',                        'Closed Won',    10000, 'Custom',  '2025-09-23', 'Jonathan Graviss', 100, '{"St. Pete Chamber 25/26"}',                             '2025-09-23'),
  ('deal_turbo',    'TurboBrakes LKN',                         'Closed Won',    6500,  'Website', '2025-09-30', 'Jonathan Graviss', 100, '{}',                                                     '2025-09-30'),
  ('deal_lod',      'Lead Outdoor Development',                'Closed Won',    6000,  'Custom',  '2025-09-30', 'Jonathan Graviss', 100, '{"Lead Outdoor Development 25"}',                        '2025-09-30'),
  ('deal_renfroe',  'Renfroe Media',                           'Closed Won',    15800, 'Custom',  '2025-10-16', 'Jonathan Graviss', 100, '{"Renfroe Media 25/26"}',                                '2025-10-16'),
  ('deal_adco',     'ADCO',                                    'Closed Won',    1200,  'Custom',  '2025-10-20', 'Jonathan Graviss', 100, '{"ADCO 25/26"}',                                         '2025-10-20'),
  ('deal_formetco', 'Formetco',                                'Closed Won',    44400, 'Website', '2025-12-16', 'Jonathan Graviss', 100, '{"Formetco ''26 - Web + Maintenance"}',                  '2025-12-16'),
  ('deal_bass',     'BASS LTD',                                'Closed Won',    2800,  'Custom',  '2026-02-04', 'Jonathan Graviss', 100, '{"BASS LTD 26/27"}',                                     '2026-02-04'),
  ('deal_sdd',      'Skydragon Designs',                       'Closed Won',    9450,  'Custom',  '2026-01-07', 'Jonathan Graviss', 100, '{"Skydragon Designs 2/1/26"}',                           '2026-01-07'),
  ('deal_oaag',     'OAAG',                                    'Closed Won',    2000,  'Website', '2026-03-09', 'Jonathan Graviss', 100, '{"OAAG - 2026 Website Redesign + Hosting"}',             '2026-03-09'),
  ('deal_pp',       'Pontoon Pros',                            'Closed Won',    750,   'SEO',     '2026-03-09', 'Jonathan Graviss', 100, '{"Pontoon Pros - SEO + Website Maintenance"}',           '2026-03-09'),
  ('deal_dailey',   'Dailey Billboards',                       'Closed Lost',   0,     'Custom',  '2025-09-30', 'Jonathan Graviss', 0,   '{"Dailey Billboards 26/27"}',                            '2025-09-30'),
  ('deal_mhom',     'MH Outdoor Media',                        'Closed Lost',   0,     'Custom',  '2025-09-30', 'Jonathan Graviss', 0,   '{"MH Outdoor Media 26/27"}',                             '2025-09-30'),
  ('deal_dsw',      'DSW Signs',                               'Closed Lost',   15500, 'Custom',  '2025-09-24', 'Jonathan Graviss', 0,   '{"DSW Signs 26/27"}',                                    '2025-09-24'),
  ('deal_foaa',     'Florida Outdoor Advertising Association', 'Closed Lost',   4500,  'Custom',  '2025-10-09', 'Jonathan Graviss', 0,   '{"Florida Outdoor Advertising Association 25/26"}',      '2025-10-09'),
  ('deal_signdash', 'SignDash',                                'Closed Lost',   13500, 'Custom',  '2025-10-13', 'Jonathan Graviss', 0,   '{"SignDash 25/26"}',                                     '2025-10-13'),
  ('deal_edge',     'Edge Consulting',                         'Closed Lost',   15500, 'Custom',  '2025-10-13', 'Jonathan Graviss', 0,   '{"Edge Consulting 26/27"}',                              '2025-10-13'),
  ('deal_tdo',      'TDO Advertising',                         'Closed Lost',   15500, 'Custom',  '2025-10-10', 'Jonathan Graviss', 0,   '{"TDO Advertising 25/26"}',                              '2025-10-10'),
  ('deal_logan',    'Logan Outdoor Advertising',               'Closed Lost',   0,     'Custom',  '2025-10-15', 'Jonathan Graviss', 0,   '{}',                                                     '2025-10-15'),
  ('deal_triou',    'Triou Marketing',                         'Closed Lost',   12500, 'Custom',  '2026-02-01', 'Jonathan Graviss', 0,   '{"Triou Marketing 25/26"}',                              '2026-02-01'),
  ('deal_avant',    'Avant Outdoor Advertising',               'Closed Lost',   15500, 'Custom',  '2026-02-01', 'Jonathan Graviss', 0,   '{"Avant Outdoor Advertising - 26/27"}',                  '2026-02-01'),
  ('deal_choice',   'Choice Media',                            'Closed Lost',   15500, 'Custom',  '2026-02-01', 'Jonathan Graviss', 0,   '{"Choice Media 26/27"}',                                 '2026-02-01'),
  ('deal_hunt',     'Huntington Billboards',                   'Closed Lost',   11000, 'Custom',  '2026-02-01', 'Jonathan Graviss', 0,   '{"Huntington Billboard"}',                               '2026-02-01'),
  ('deal_foa',      'Fairmount Outdoor Advertising',           'Closed Lost',   17400, 'Custom',  '2026-02-23', 'Jonathan Graviss', 0,   '{"Fairmount Outdoor Advertising 26/27"}',                '2026-02-23'),
  ('deal_vo',       'View Outdoor',                            'Closed Lost',   2450,  'Custom',  '2026-02-23', 'Jonathan Graviss', 0,   '{"View Outdoor - Sales Training 2/26"}',                 '2026-02-23'),
  ('deal_bj',       'Billboard Joe',                           'Closed Lost',   16800, 'Custom',  '2026-02-23', 'Jonathan Graviss', 0,   '{"Billboard Joe 26/27"}',                                '2026-02-23'),
  ('deal_fg',       'Franklin Graphics',                       'Proposal Sent', 16800, 'Website', '2026-03-01', 'Jonathan Graviss', 60,  '{"Franklin Graphics - E-Commerce Site"}',                '2026-03-01'),
  ('deal_oohs',     'The OOH Squad',                           'Proposal Sent', 8100,  'Custom',  '2026-02-01', 'Jonathan Graviss', 60,  '{"The OOH Squad - 26/27"}',                              '2026-02-01'),
  ('deal_apar',     'Apparatix',                               'Proposal Sent', 29400, 'Website', '2026-01-03', 'Jonathan Graviss', 60,  '{"Apparatix - Website Maintenance Transfer"}',           '2026-01-03'),
  ('deal_rdm',      'Red Diamond Media Group',                 'Proposal Sent', 9300,  'SEO',     '2026-04-01', 'Jonathan Graviss', 60,  '{"Red Diamond Media Group - SEO / Consulting"}',         '2026-04-01'),
  ('deal_dkoi',     'DKOI',                                    'Proposal Sent', 21000, 'Custom',  '2026-04-01', 'Jonathan Graviss', 60,  '{"DKOI 26/27"}',                                         '2026-04-01'),
  ('deal_rsm',      'Reeves Shaw Media',                       'Proposal Sent', 14400, 'Custom',  '2026-04-01', 'Jonathan Graviss', 60,  '{"Reeves Shaw Media - New Deal"}',                       '2026-04-01'),
  ('deal_scb',      'Steel City Billboards',                   'Contract Sent', 27000, 'Custom',  '2026-02-01', 'Jonathan Graviss', 80,  '{"Steel City Billboards 26/27"}',                        '2026-02-01'),
  ('deal_mr',       'Media Resources',                         'Contract Sent', 30000, 'Custom',  '2026-01-01', 'Jonathan Graviss', 80,  '{"Media Resources 25/26"}',                              '2026-01-01'),
  ('deal_jr',       'JR Promotions',                           'Contract Sent', 15700, 'Custom',  '2026-04-01', 'Jonathan Graviss', 80,  '{"JR Promotions 25/26"}',                                '2026-04-01'),
  ('deal_scpc',     'South Carolina Pickleball Courts',        'Contract Sent', 8800,  'Website', '2026-01-01', 'Jonathan Graviss', 80,  '{}',                                                     '2026-01-01'),
  ('deal_uplp',     'Upstate Pool Liner Pros',                 'Contract Sent', 8800,  'Website', '2026-01-01', 'Jonathan Graviss', 80,  '{}',                                                     '2026-01-01'),
  ('deal_bmv',      'BMV Service Pro',                         'Lead',          18900, 'Custom',  '2026-03-06', 'Jonathan Graviss', 20,  '{"BMV Service - SEO / Google Ads"}',                     '2026-03-06'),
  ('deal_mashburn', 'Mashburn Outdoor',                        'Lead',          15500, 'Custom',  '2026-01-01', 'Jonathan Graviss', 10,  '{"Mashburn Outdoor 26/27"}',                             '2026-01-01'),
  ('deal_tyler',    'Tyler Media',                             'Lead',          15500, 'Custom',  '2026-01-01', 'Jonathan Graviss', 10,  '{"Tyler Media 26/27"}',                                  '2026-01-01'),
  ('deal_hughes',   'Hughes Outdoor Media',                    'Lead',          15500, 'Custom',  '2026-01-01', 'Jonathan Graviss', 10,  '{"hughesoutdoormedia 26/27"}',                           '2026-01-01'),
  ('deal_oaktree',  'Oaktree Outdoor Advertising',             'Lead',          15500, 'Custom',  '2026-01-01', 'Jonathan Graviss', 10,  '{"Oaktree Outdoor Advertising 26/27"}',                  '2026-01-01'),
  ('deal_smg',      'Street Media Group',                      'Lead',          0,     'Custom',  '2026-01-01', 'Jonathan Graviss', 10,  '{"Street Media Group - 26/27"}',                         '2026-01-01'),
  ('deal_ddi',      'DDI Media',                               'Lead',          15500, 'Custom',  '2026-01-01', 'Jonathan Graviss', 10,  '{"DDI Media 26/27"}',                                    '2026-01-01'),
  ('deal_azalea',   'Azalea Outdoor',                          'Lead',          0,     'Custom',  '2026-01-01', 'Jonathan Graviss', 10,  '{"Azalea Outdoor 26/27"}',                               '2026-01-01'),
  ('deal_camel',    'Camel City Posters',                      'Lead',          15500, 'Custom',  '2026-01-01', 'Jonathan Graviss', 10,  '{"Camel City Posters 26/27"}',                           '2026-01-01'),
  ('deal_harkey',   'Harkey Media',                            'Lead',          15500, 'Custom',  '2026-01-01', 'Jonathan Graviss', 10,  '{"Harkey Media 26/27"}',                                 '2026-01-01'),
  ('deal_derose',   'DeRose Displays',                         'Lead',          15500, 'Custom',  '2026-01-01', 'Jonathan Graviss', 10,  '{"DeRose Displays 26/27"}',                              '2026-01-01'),
  ('deal_doa',      'Digital Outdoor Advertising',             'Lead',          15500, 'Custom',  '2026-01-01', 'Jonathan Graviss', 10,  '{"Digital Outdoor Advertising 26/27"}',                  '2026-01-01'),
  ('deal_cw',       'Colorado West',                           'Lead',          15500, 'Custom',  '2026-01-01', 'Jonathan Graviss', 10,  '{"Colorado West 26/27"}',                                '2026-01-01'),
  ('deal_burelz',   'Burelz Billboards',                       'Lead',          15500, 'Custom',  '2026-01-01', 'Jonathan Graviss', 10,  '{"Burelz Billboards 26/27"}',                            '2026-01-01'),
  ('deal_porlier',  'Porlier Outdoor',                         'Lead',          15500, 'Custom',  '2026-01-01', 'Jonathan Graviss', 10,  '{"Porlier Outdoor 26/27"}',                              '2026-01-01'),
  ('deal_comstor',  'Comstor Outdoor',                         'Lead',          15500, 'Custom',  '2026-01-01', 'Jonathan Graviss', 10,  '{"Comstor Outdoor 26/27"}',                              '2026-01-01'),
  ('deal_classic',  'Classic Outdoor',                         'Lead',          15500, 'Custom',  '2026-01-01', 'Jonathan Graviss', 10,  '{"Classic Outdoor 26/27"}',                              '2026-01-01'),
  ('deal_carlson',  'Carlson Sign',                            'Lead',          15500, 'Custom',  '2026-01-01', 'Jonathan Graviss', 10,  '{"Carlson Sign 26/27"}',                                 '2026-01-01'),
  ('deal_coast',    'Coast Outdoor',                           'Lead',          15500, 'Custom',  '2026-01-01', 'Jonathan Graviss', 10,  '{"Coast Outdoor 25/26"}',                                '2026-01-01'),
  ('deal_compass',  'Compass Outdoor Media',                   'Lead',          15500, 'Custom',  '2026-01-01', 'Jonathan Graviss', 10,  '{"Compass Outdoor Media 26/27"}',                        '2026-01-01'),
  ('deal_cco',      'Circle City Outdoor',                     'Lead',          15500, 'Custom',  '2026-01-01', 'Jonathan Graviss', 10,  '{"Circle City Outdoor 25/26"}',                          '2026-01-01'),
  ('deal_cooa',     'Coastal Outdoor Advertising',             'Lead',          13500, 'Custom',  '2026-01-01', 'Jonathan Graviss', 10,  '{"Coastal Outdoor Advertising 25/26"}',                  '2026-01-01')
on conflict (id) do nothing;

-- ── CRM Activities ───────────────────────────────────────────────────────────
insert into crm_activities (id, type, title, body, company_id, company_name, contact_id, "user", timestamp, pinned) values
  ('crmact_th_1', 'contract', 'Service Agreement Executed', 'Graviss Marketing – Trailhead Media Service Agreement fully executed. $650/month for 12 months beginning July 1, 2025.', 'comp_th', 'Trailhead Media, LLC', 'contact_th', 'Jonathan Graviss', '2025-06-25', true),
  ('crmact_th_2', 'note',     'Contract Terms',             'Monthly fee: $650 due on the first business day of each month. Early termination penalty: $1,950 (3 months). Governing law: Florida.', 'comp_th', 'Trailhead Media, LLC', 'contact_th', 'Jonathan Graviss', '2025-07-01', true)
on conflict (id) do nothing;
